year,fresh and frozen seafood,canned seafood,cured seafood
2004,0.281403754,0.152613678,0.010255624
2005,0.276942405,0.145880029,0.010161338
2006,0.294521445,0.131510709,0.011095316
2007,0.288291802,0.132779524,0.010192084
2008,0.280900682,0.132158624,0.010435283
2009,0.28121797,0.1241099,0.011903024
2010,0.275447696,0.133495651,0.011703983
2011,0.259987995,0.125657666,0.011838474
2012,0.250592149,0.11608718,0.011427375
2013,0.248963847,0.123300247,0.009617331
